time,temperature,cost,edge_cost,travel_cost,delay_cost
1,15000,734,490,104,140
2,7500,734,490,104,140
3,5000,645,350,105,190
4,3750,535,185,120,230
5,3000,542,143,129,270
6,2500,556,106,130,320
7,2142.8571428571427,543,142,121,280
8,1875,556,106,130,320
9,1666.6666666666667,551,50,131,370
10,1500,588,32,146,410
11,1363.6363636363637,588,32,146,410
12,1250,537,32,145,360
13,1153.8461538461538,476,26,130,320
14,1071.4285714285713,476,26,130,320
15,1000,476,26,130,320
16,937.5,434,33,121,280
17,882.3529411764706,478,22,136,320
18,833.3333333333334,478,22,136,320
19,789.4736842105264,478,22,136,320
20,750,483,27,136,320
21,714.2857142857143,483,27,136,320
22,681.8181818181819,533,22,151,360
23,652.1739130434783,533,22,151,360
24,625,533,22,151,360
25,600,533,22,151,360
26,576.9230769230769,627,61,166,400
27,555.5555555555555,627,61,166,400
28,535.7142857142857,569,7,152,410
29,517.2413793103449,569,7,152,410
30,500,569,7,152,410
31,483.8709677419355,595,35,160,400
32,468.75,595,35,160,400
33,454.54545454545456,595,35,160,400
34,441.1764705882353,547,38,159,350
35,428.57142857142856,547,38,159,350
36,416.6666666666667,547,38,159,350
37,405.4054054054054,597,37,160,400
38,394.7368421052632,675,60,175,440
39,384.61538461538464,675,60,175,440
40,375,640,76,174,390
41,365.8536585365854,770,202,188,380
42,357.14285714285717,665,152,173,340
43,348.83720930232556,665,152,173,340
44,340.90909090909093,665,152,173,340
45,333.3333333333333,665,152,173,340
46,326.0869565217391,665,152,173,340
47,319.1489361702128,665,152,173,340
48,312.5,665,152,173,340
49,306.1224489795918,700,136,174,390
50,300,694,136,168,390
51,294.11764705882354,694,136,168,390
52,288.46153846153845,694,136,168,390
53,283.0188679245283,697,139,168,390
54,277.77777777777777,651,97,154,400
55,272.72727272727275,569,19,140,410
56,267.85714285714283,569,19,140,410
57,263.1578947368421,506,5,131,370
58,258.62068965517244,506,5,131,370
59,254.23728813559322,463,17,116,330
60,250,495,49,116,330
61,245.9016393442623,537,142,115,280
62,241.93548387096774,537,142,115,280
63,238.0952380952381,537,142,115,280
64,234.375,537,142,115,280
65,230.76923076923077,487,143,114,230
66,227.27272727272728,487,143,114,230
67,223.88059701492537,487,143,114,230
68,220.58823529411765,499,106,123,270
69,217.3913043478261,498,107,131,260
70,214.28571428571428,498,107,131,260
71,211.26760563380282,485,143,122,220
72,208.33333333333334,485,143,122,220
73,205.4794520547945,504,107,137,260
74,202.7027027027027,504,107,137,260
75,200,504,107,137,260
76,197.3684210526316,485,143,122,220
77,194.80519480519482,499,106,123,270
78,192.30769230769232,485,143,122,220
79,189.873417721519,485,143,122,220
80,187.5,479,186,113,180
81,185.1851851851852,479,186,113,180
82,182.9268292682927,479,186,113,180
83,180.72289156626505,479,186,113,180
84,178.57142857142858,485,143,122,220
85,176.47058823529412,504,107,137,260
86,174.41860465116278,504,107,137,260
87,172.41379310344828,476,79,137,260
88,170.45454545454547,476,79,137,260
89,168.53932584269663,476,79,137,260
90,166.66666666666666,482,79,143,260
91,164.83516483516485,565,107,158,300
92,163.04347826086956,565,107,158,300
93,161.29032258064515,615,108,167,340
94,159.5744680851064,615,108,167,340
95,157.89473684210526,615,108,167,340
96,156.25,565,107,158,300
97,154.63917525773195,529,75,144,310
98,153.0612244897959,473,74,129,270
99,151.5151515151515,504,105,129,270
100,150,449,50,129,270
101,148.5148514851485,425,26,129,270
102,147.05882352941177,431,83,128,220
103,145.63106796116506,427,83,114,230
104,144.23076923076923,407,114,113,180
105,142.85714285714286,359,66,113,180
106,141.50943396226415,359,66,113,180
107,140.18691588785046,359,66,113,180
108,138.88888888888889,359,66,113,180
109,137.61467889908258,395,53,122,220
110,136.36363636363637,400,58,122,220
111,135.13513513513513,400,58,122,220
112,133.92857142857142,400,58,122,220
113,132.7433628318584,400,58,122,220
114,131.57894736842104,395,53,122,220
115,130.43478260869566,449,52,137,260
116,129.31034482758622,449,52,137,260
117,128.2051282051282,555,103,152,300
118,127.11864406779661,438,41,137,260
119,126.05042016806723,462,65,137,260
120,125,446,49,137,260
121,123.96694214876032,395,47,128,220
122,122.95081967213115,395,47,128,220
123,121.95121951219512,389,47,122,220
124,120.96774193548387,429,38,131,260
125,120,436,45,131,260
126,119.04761904761905,436,45,131,260
127,118.11023622047244,436,45,131,260
128,117.1875,434,41,123,270
129,116.27906976744185,410,66,114,230
130,115.38461538461539,410,66,114,230
131,114.50381679389314,410,66,114,230
132,113.63636363636364,434,41,123,270
133,112.78195488721805,428,35,123,270
134,111.94029850746269,459,66,123,270
135,111.11111111111111,459,66,123,270
136,110.29411764705883,459,66,123,270
137,109.48905109489051,425,83,122,220
138,108.69565217391305,425,83,122,220
139,107.9136690647482,425,83,122,220
140,107.14285714285714,425,83,122,220
141,106.38297872340425,479,86,123,270
142,105.63380281690141,484,87,137,260
143,104.8951048951049,490,42,138,310
144,104.16666666666667,490,42,138,310
145,103.44827586206897,490,42,138,310
146,102.73972602739725,490,42,138,310
147,102.04081632653062,490,42,138,310
148,101.35135135135135,496,97,129,270
149,100.67114093959732,496,97,129,270
150,100,490,87,143,260
151,99.33774834437087,453,105,128,220
152,98.6842105263158,485,86,129,270
153,98.03921568627452,490,87,143,260
154,97.40259740259741,490,87,143,260
155,96.7741935483871,458,55,143,260
156,96.15384615384616,458,55,143,260
157,95.54140127388536,414,66,128,220
158,94.9367088607595,456,53,143,260
159,94.33962264150944,456,53,143,260
160,93.75,499,41,158,300
161,93.16770186335404,499,41,158,300
162,92.5925925925926,499,41,158,300
163,92.02453987730061,499,41,158,300
164,91.46341463414635,502,44,158,300
165,90.9090909090909,502,44,158,300
166,90.36144578313252,442,39,143,260
167,89.82035928143712,442,39,143,260
168,89.28571428571429,442,39,143,260
169,88.75739644970415,441,38,143,260
170,88.23529411764706,441,38,143,260
171,87.71929824561404,498,40,158,300
172,87.20930232558139,498,40,158,300
173,86.70520231213872,498,40,158,300
174,86.20689655172414,498,40,158,300
175,85.71428571428571,498,40,158,300
176,85.22727272727273,498,40,158,300
177,84.7457627118644,498,40,158,300
178,84.26966292134831,498,40,158,300
179,83.79888268156425,498,40,158,300
180,83.33333333333333,498,40,158,300
181,82.87292817679558,540,31,159,350
182,82.41758241758242,479,25,144,310
183,81.9672131147541,439,34,135,270
184,81.52173913043478,474,18,136,320
185,81.08108108108108,474,18,136,320
186,80.64516129032258,474,18,136,320
187,80.21390374331551,474,18,136,320
188,79.7872340425532,427,26,121,280
189,79.36507936507937,427,26,121,280
190,78.94736842105263,380,34,106,240
191,78.53403141361257,416,21,115,280
192,78.125,416,21,115,280
193,77.72020725388602,422,78,114,230
194,77.31958762886597,425,26,129,270
195,76.92307692307692,425,26,129,270
196,76.53061224489795,425,26,129,270
197,76.14213197969544,422,23,129,270
198,75.75757575757575,422,23,129,270
199,75.37688442211055,422,23,129,270
200,75,392,44,128,220
201,74.6268656716418,392,44,128,220
202,74.25742574257426,389,39,120,230
203,73.89162561576354,389,39,120,230
204,73.52941176470588,389,39,120,230
205,73.17073170731707,389,39,120,230
206,72.81553398058253,383,33,120,230
207,72.46376811594203,383,33,120,230
208,72.11538461538461,389,39,120,230
209,71.77033492822966,361,66,105,190
210,71.42857142857143,361,66,105,190
211,71.09004739336493,403,53,120,230
212,70.75471698113208,445,44,121,280
213,70.4225352112676,445,44,121,280
214,70.09345794392523,486,30,136,320
215,69.76744186046511,482,26,136,320
216,69.44444444444444,526,21,145,360
217,69.12442396313364,586,32,154,400
218,68.80733944954129,567,64,153,350
219,68.4931506849315,567,64,153,350
220,68.18181818181819,586,32,154,400
221,67.87330316742081,580,32,148,400
222,67.56756756756756,580,32,148,400
223,67.26457399103138,566,22,134,410
224,66.96428571428571,566,22,134,410
225,66.66666666666667,547,54,133,360
226,66.3716814159292,552,110,132,310
227,66.07929515418502,573,82,141,350
228,65.78947368421052,543,50,133,360
229,65.50218340611353,580,32,148,400
230,65.21739130434783,542,45,147,350
231,64.93506493506493,529,32,147,350
232,64.65517241379311,529,32,147,350
233,64.37768240343348,498,50,138,310
234,64.1025641025641,517,18,139,360
235,63.829787234042556,518,17,131,370
236,63.559322033898304,524,17,137,370
237,63.29113924050633,533,22,151,360
238,63.02521008403362,533,22,151,360
239,62.76150627615063,487,31,136,320
240,62.5,481,31,130,320
241,62.24066390041494,481,31,130,320
242,61.98347107438016,469,19,130,320
243,61.72839506172839,445,50,115,280
244,61.47540983606557,451,50,121,280
245,61.224489795918366,447,50,107,290
246,60.97560975609756,471,74,107,290
247,60.72874493927125,475,74,121,280
248,60.483870967741936,475,74,121,280
249,60.24096385542169,475,74,121,280
250,60,427,26,121,280
251,59.7609561752988,463,13,130,320
252,59.523809523809526,427,26,121,280
253,59.28853754940712,434,33,121,280
254,59.05511811023622,469,13,136,320
255,58.8235294117647,520,9,151,360
256,58.59375,520,9,151,360
257,58.36575875486381,532,23,159,350
258,58.13953488372093,481,21,150,310
259,57.915057915057915,481,21,150,310
260,57.69230769230769,475,21,144,310
261,57.47126436781609,525,22,153,350
262,57.25190839694657,479,25,144,310
263,57.034220532319395,468,65,143,260
264,56.81818181818182,468,65,143,260
265,56.60377358490566,468,65,143,260
266,56.390977443609025,490,38,152,300
267,56.17977528089887,490,38,152,300
268,55.97014925373134,490,38,152,300
269,55.762081784386616,488,34,144,310
270,55.55555555555556,445,46,129,270
271,55.35055350553505,493,39,144,310
272,55.14705882352941,493,39,144,310
273,54.94505494505494,545,36,159,350
274,54.74452554744526,494,34,150,310
275,54.54545454545455,565,50,165,350
276,54.34782608695652,517,53,164,300
277,54.151624548736464,523,59,164,300
278,53.9568345323741,523,59,164,300
279,53.763440860215056,523,59,164,300
280,53.57142857142857,523,59,164,300
281,53.380782918149464,523,59,164,300
282,53.191489361702125,523,59,164,300
283,53.003533568904594,517,59,158,300
284,52.816901408450704,552,43,159,350
285,52.63157894736842,550,41,159,350
286,52.44755244755245,544,41,153,350
287,52.26480836236934,544,41,153,350
288,52.083333333333336,544,41,153,350
289,51.90311418685121,591,37,154,400
290,51.724137931034484,555,5,140,410
291,51.54639175257732,552,2,140,410
292,51.36986301369863,552,2,140,410
293,51.19453924914676,552,2,140,410
294,51.02040816326531,510,9,131,370
295,50.847457627118644,510,9,131,370
296,50.67567567567568,513,14,139,360
297,50.505050505050505,513,14,139,360
298,50.33557046979866,455,11,124,320
299,50.16722408026756,456,10,116,330
300,50,463,17,116,330
301,49.83388704318937,463,17,116,330
302,49.66887417218543,519,18,131,370
303,49.504950495049506,519,18,131,370
304,49.3421052631579,514,17,117,380
305,49.18032786885246,514,17,117,380
306,49.01960784313726,514,17,117,380
307,48.85993485342019,514,17,117,380
308,48.701298701298704,514,17,117,380
309,48.54368932038835,562,10,132,420
310,48.38709677419355,570,18,132,420
311,48.231511254019296,570,18,132,420
312,48.07692307692308,572,22,140,410
313,47.92332268370607,553,54,139,360
314,47.77070063694268,572,22,140,410
315,47.61904761904762,572,22,140,410
316,47.46835443037975,521,22,139,360
317,47.3186119873817,521,22,139,360
318,47.16981132075472,521,22,139,360
319,47.02194357366771,527,22,145,360
320,46.875,527,22,145,360
321,46.728971962616825,584,24,160,400
322,46.58385093167702,584,24,160,400
323,46.43962848297214,570,14,146,410
324,46.2962962962963,576,14,152,410
325,46.15384615384615,525,14,151,360
326,46.012269938650306,525,14,151,360
327,45.87155963302752,474,18,136,320
328,45.73170731707317,474,18,136,320
329,45.59270516717325,474,18,136,320
330,45.45454545454545,419,18,121,280
331,45.31722054380665,419,18,121,280
332,45.18072289156626,419,18,121,280
333,45.04504504504504,432,33,129,270
334,44.91017964071856,432,33,129,270
335,44.776119402985074,425,75,120,230
336,44.642857142857146,425,75,120,230
337,44.510385756676556,425,75,120,230
338,44.37869822485207,481,186,105,190
339,44.24778761061947,529,234,105,190
340,44.11764705882353,531,185,106,240
341,43.988269794721404,531,185,106,240
342,43.85964912280702,469,74,115,280
343,43.731778425655975,476,30,116,330
344,43.604651162790695,476,30,116,330
345,43.47826086956522,476,30,116,330
346,43.35260115606936,476,30,116,330
347,43.22766570605187,476,30,116,330
348,43.10344827586207,429,34,115,280
349,42.97994269340974,429,34,115,280
350,42.857142857142854,429,34,115,280
351,42.73504273504273,432,39,123,270
352,42.61363636363637,448,55,123,270
353,42.492917847025495,423,30,123,270
354,42.3728813559322,423,30,123,270
355,42.25352112676056,429,30,129,270
356,42.13483146067416,429,30,129,270
357,42.016806722689076,429,30,129,270
358,41.899441340782126,454,55,129,270
359,41.78272980501393,487,143,114,230
360,41.666666666666664,487,143,114,230
361,41.551246537396125,487,143,114,230
362,41.43646408839779,448,55,123,270
363,41.32231404958678,448,55,123,270
364,41.20879120879121,448,55,123,270
365,41.0958904109589,432,39,123,270
366,40.98360655737705,438,39,129,270
367,40.87193460490463,438,39,129,270
368,40.76086956521739,515,67,138,310
369,40.65040650406504,515,67,138,310
370,40.54054054054054,457,13,124,320
371,40.43126684636118,457,13,124,320
372,40.32258064516129,471,23,138,310
373,40.21447721179624,471,23,138,310
374,40.106951871657756,471,23,138,310
375,40,471,23,138,310
376,39.8936170212766,411,18,123,270
377,39.787798408488065,411,18,123,270
378,39.682539682539684,386,44,122,220
379,39.577836411609496,386,44,122,220
380,39.473684210526315,380,38,122,220
381,39.37007874015748,380,38,122,220
382,39.26701570680628,380,38,122,220
383,39.1644908616188,380,38,122,220
384,39.0625,424,31,123,270
385,38.96103896103896,424,31,123,270
386,38.86010362694301,424,31,123,270
387,38.75968992248062,421,26,115,280
388,38.65979381443299,430,31,129,270
389,38.56041131105398,430,31,129,270
390,38.46153846153846,430,31,129,270
391,38.36317135549872,430,31,129,270
392,38.265306122448976,505,51,144,310
393,38.16793893129771,469,19,130,320
394,38.07106598984772,427,26,121,280
395,37.9746835443038,425,26,129,270
396,37.878787878787875,425,26,129,270
397,37.78337531486146,425,26,129,270
398,37.688442211055275,389,39,120,230
399,37.59398496240601,389,39,120,230
400,37.5,383,33,120,230
401,37.406483790523694,421,22,129,270
402,37.3134328358209,421,22,129,270
403,37.220843672456574,427,22,135,270
404,37.12871287128713,423,18,135,270
405,37.03703703703704,427,22,135,270
406,36.94581280788177,427,22,135,270
407,36.85503685503686,423,18,135,270
408,36.76470588235294,384,34,120,230
409,36.67481662591687,384,34,120,230
410,36.58536585365854,384,34,120,230
411,36.496350364963504,384,34,120,230
412,36.407766990291265,373,74,119,180
413,36.31961259079903,373,74,119,180
414,36.231884057971016,373,74,119,180
415,36.144578313253014,373,74,119,180
416,36.05769230769231,373,74,119,180
417,35.97122302158273,373,74,119,180
418,35.88516746411483,373,74,119,180
419,35.79952267303103,373,74,119,180
420,35.714285714285715,367,74,113,180
421,35.62945368171022,367,74,113,180
422,35.54502369668246,367,74,113,180
423,35.46099290780142,367,74,113,180
424,35.37735849056604,367,74,113,180
425,35.294117647058826,367,74,113,180
426,35.2112676056338,367,74,113,180
427,35.1288056206089,366,73,113,180
428,35.046728971962615,387,39,128,220
429,34.96503496503497,386,38,128,220
430,34.883720930232556,386,38,128,220
431,34.80278422273782,393,45,128,220
432,34.72222222222222,393,45,128,220
433,34.64203233256351,393,45,128,220
434,34.56221198156682,393,45,128,220
435,34.48275862068966,393,45,128,220
436,34.403669724770644,393,45,128,220
437,34.32494279176201,403,55,128,220
438,34.24657534246575,403,55,128,220
439,34.16856492027335,403,55,128,220
440,34.09090909090909,403,55,128,220
441,34.01360544217687,393,45,128,220
442,33.93665158371041,352,53,119,180
443,33.86004514672686,352,53,119,180
444,33.78378378378378,393,45,128,220
445,33.70786516853933,393,45,128,220
446,33.63228699551569,393,45,128,220
447,33.557046979865774,390,40,120,230
448,33.482142857142854,384,40,114,230
449,33.4075723830735,384,40,114,230
450,33.333333333333336,384,40,114,230
451,33.25942350332594,393,45,128,220
452,33.1858407079646,393,45,128,220
453,33.11258278145695,393,45,128,220
454,33.03964757709251,417,18,129,270
455,32.967032967032964,417,18,129,270
456,32.89473684210526,463,13,130,320
457,32.822757111597376,463,13,130,320
458,32.751091703056765,463,13,130,320
459,32.6797385620915,431,30,121,280
460,32.608695652173914,433,34,129,270
461,32.53796095444685,424,29,115,280
462,32.467532467532465,424,29,115,280
463,32.39740820734341,424,29,115,280
464,32.327586206896555,424,29,115,280
465,32.25806451612903,424,29,115,280
466,32.18884120171674,424,29,115,280
467,32.11991434689507,424,29,115,280
468,32.05128205128205,424,29,115,280
469,31.982942430703623,424,29,115,280
470,31.914893617021278,378,34,114,230
471,31.84713375796178,377,33,114,230
472,31.779661016949152,377,33,114,230
473,31.712473572938688,377,33,114,230
474,31.645569620253166,362,67,105,190
475,31.57894736842105,362,67,105,190
476,31.51260504201681,409,59,120,230
477,31.446540880503143,409,59,120,230
478,31.380753138075313,409,59,120,230
479,31.315240083507305,425,26,129,270
480,31.25,425,26,129,270
481,31.185031185031185,425,26,129,270
482,31.12033195020747,425,26,129,270
483,31.055900621118013,425,26,129,270
484,30.99173553719008,415,65,120,230
485,30.927835051546392,415,65,120,230
486,30.864197530864196,411,65,106,240
487,30.80082135523614,426,25,121,280
488,30.737704918032787,420,25,115,280
489,30.67484662576687,420,25,115,280
490,30.612244897959183,420,25,115,280
491,30.54989816700611,420,25,115,280
492,30.48780487804878,420,25,115,280
493,30.425963488843813,420,25,115,280
494,30.364372469635626,426,25,121,280
495,30.303030303030305,477,21,136,320
496,30.241935483870968,489,35,144,310
497,30.18108651911469,490,36,144,310
498,30.120481927710845,444,41,143,260
499,30.060120240480963,444,41,143,260
500,30,444,41,143,260
501,29.940119760479043,444,41,143,260
502,29.8804780876494,444,41,143,260
503,29.821073558648113,431,83,128,220
504,29.761904761904763,431,83,128,220
505,29.702970297029704,476,79,137,260
506,29.64426877470356,476,79,137,260
507,29.585798816568047,494,146,128,220
508,29.52755905511811,494,146,128,220
509,29.469548133595286,482,189,113,180
510,29.41176470588235,421,79,122,220
511,29.354207436399218,422,78,114,230
512,29.296875,422,78,114,230
513,29.239766081871345,422,78,114,230
514,29.182879377431906,422,78,114,230
515,29.12621359223301,422,78,114,230
516,29.069767441860463,422,78,114,230
517,29.013539651837526,422,78,114,230
518,28.957528957528957,422,78,114,230
519,28.90173410404624,422,78,114,230
520,28.846153846153847,432,39,123,270
521,28.790786948176585,429,34,115,280
522,28.735632183908045,429,34,115,280
523,28.680688336520078,429,34,115,280
524,28.625954198473284,429,34,115,280
525,28.571428571428573,429,34,115,280
526,28.517110266159698,429,34,115,280
527,28.462998102466795,433,34,129,270
528,28.40909090909091,433,34,129,270
529,28.35538752362949,433,34,129,270
530,28.30188679245283,433,34,129,270
531,28.24858757062147,397,53,114,230
532,28.195488721804512,383,39,114,230
533,28.142589118198874,377,33,114,230
534,28.089887640449437,359,66,113,180
535,28.037383177570092,359,66,113,180
536,27.98507462686567,359,66,113,180
537,27.932960893854748,342,98,104,140
538,27.881040892193308,342,98,104,140
539,27.82931354359926,342,98,104,140
540,27.77777777777778,342,98,104,140
541,27.726432532347506,343,99,104,140
542,27.675276752767527,338,94,104,140
543,27.624309392265193,338,94,104,140
544,27.573529411764707,338,94,104,140
545,27.522935779816514,342,98,104,140
546,27.47252747252747,374,79,105,190
547,27.422303473491773,374,79,105,190
548,27.37226277372263,374,79,105,190
549,27.3224043715847,374,79,105,190
550,27.272727272727273,374,79,105,190
551,27.22323049001815,374,79,105,190
552,27.17391304347826,396,46,120,230
553,27.124773960217,392,46,106,240
554,27.075812274368232,392,46,106,240
555,27.027027027027028,392,46,106,240
556,26.97841726618705,392,46,106,240
557,26.929982046678635,426,31,115,280
558,26.881720430107528,450,106,114,230
559,26.833631484794275,439,46,123,270
560,26.785714285714285,390,46,114,230
561,26.737967914438503,390,46,114,230
562,26.690391459074732,386,42,114,230
563,26.642984014209592,386,42,114,230
564,26.595744680851062,386,42,114,230
565,26.548672566371682,402,58,114,230
566,26.501766784452297,402,58,114,230
567,26.455026455026456,402,58,114,230
568,26.408450704225352,402,58,114,230
569,26.362038664323375,402,58,114,230
570,26.31578947368421,386,42,114,230
571,26.26970227670753,386,42,114,230
572,26.223776223776223,386,42,114,230
573,26.17801047120419,386,42,114,230
574,26.13240418118467,386,42,114,230
575,26.08695652173913,377,82,105,190
576,26.041666666666668,377,82,105,190
577,25.996533795493935,377,82,105,190
578,25.951557093425606,380,85,105,190
579,25.906735751295336,380,85,105,190
580,25.862068965517242,400,54,106,240
581,25.817555938037867,362,67,105,190
582,25.77319587628866,362,67,105,190
583,25.728987993138936,361,66,105,190
584,25.684931506849313,359,66,113,180
585,25.641025641025642,367,74,113,180
586,25.59726962457338,367,74,113,180
587,25.55366269165247,397,53,114,230
588,25.510204081632654,397,53,114,230
589,25.466893039049236,397,53,114,230
590,25.423728813559322,397,53,114,230
591,25.380710659898476,416,21,115,280
592,25.33783783783784,416,21,115,280
593,25.29510961214165,416,21,115,280
594,25.252525252525253,416,21,115,280
595,25.210084033613445,422,78,114,230
596,25.16778523489933,419,26,123,270
597,25.12562814070352,419,26,123,270
598,25.08361204013378,472,79,123,270
599,25.041736227045075,498,54,124,320
600,25,498,54,124,320
601,24.958402662229616,498,54,124,320
602,24.916943521594686,498,54,124,320
603,24.875621890547265,498,54,124,320
604,24.834437086092716,472,79,123,270
605,24.793388429752067,472,79,123,270
606,24.752475247524753,472,79,123,270
607,24.71169686985173,447,54,123,270
608,24.67105263157895,447,54,123,270
609,24.63054187192118,447,54,123,270
610,24.59016393442623,447,54,123,270
611,24.549918166939445,449,105,114,230
612,24.50980392156863,449,105,114,230
613,24.469820554649267,451,105,106,240
614,24.429967426710096,475,74,121,280
615,24.390243902439025,492,142,120,230
616,24.350649350649352,428,78,120,230
617,24.311183144246353,428,78,120,230
618,24.271844660194176,428,78,120,230
619,24.232633279483036,428,78,120,230
620,24.193548387096776,428,78,120,230
621,24.154589371980677,428,78,120,230
622,24.115755627009648,456,106,120,230
623,24.077046548956663,456,106,120,230
624,24.03846153846154,456,106,120,230
625,24,428,78,120,230
626,23.961661341853034,428,78,120,230
627,23.923444976076556,428,78,120,230
628,23.88535031847134,424,78,106,240
629,23.84737678855326,389,43,106,240
630,23.80952380952381,389,43,106,240
631,23.771790808240887,389,43,106,240
632,23.734177215189874,392,46,106,240
633,23.696682464454977,392,46,106,240
634,23.65930599369085,392,46,106,240
635,23.62204724409449,392,46,106,240
636,23.58490566037736,390,46,114,230
637,23.547880690737834,390,46,114,230
638,23.510971786833856,390,46,114,230
639,23.474178403755868,390,46,114,230
640,23.4375,390,46,114,230
641,23.400936037441497,390,46,114,230
642,23.364485981308412,390,46,114,230
643,23.32814930015552,390,46,114,230
644,23.29192546583851,434,39,115,280
645,23.25581395348837,430,35,115,280
646,23.21981424148607,389,43,106,240
647,23.183925811437405,389,43,106,240
648,23.14814814814815,389,43,106,240
649,23.112480739599384,389,43,106,240
650,23.076923076923077,389,43,106,240
651,23.04147465437788,389,43,106,240
652,23.006134969325153,389,43,106,240
653,22.970903522205205,389,43,106,240
654,22.93577981651376,389,43,106,240
655,22.900763358778626,389,43,106,240
656,22.865853658536587,389,43,106,240
657,22.831050228310502,392,42,120,230
658,22.796352583586625,392,42,120,230
659,22.76176024279211,350,55,105,190
660,22.727272727272727,350,55,105,190
661,22.692889561270803,350,55,105,190
662,22.658610271903324,350,55,105,190
663,22.624434389140273,350,55,105,190
664,22.59036144578313,350,55,105,190
665,22.55639097744361,350,55,105,190
666,22.52252252252252,350,55,105,190
667,22.488755622188904,350,55,105,190
668,22.45508982035928,350,55,105,190
669,22.42152466367713,350,55,105,190
670,22.388059701492537,378,83,105,190
671,22.35469448584203,378,83,105,190
672,22.321428571428573,378,83,105,190
673,22.288261515601782,378,83,105,190
674,22.255192878338278,378,83,105,190
675,22.22222222222222,383,39,114,230
676,22.189349112426036,383,39,114,230
677,22.156573116691284,383,39,114,230
678,22.123893805309734,359,66,113,180
679,22.091310751104565,359,66,113,180
680,22.058823529411764,359,66,113,180
681,22.026431718061673,359,66,113,180
682,21.994134897360702,359,66,113,180
683,21.961932650073205,359,66,113,180
684,21.92982456140351,394,46,128,220
685,21.8978102189781,394,46,128,220
686,21.865889212827987,394,46,128,220
687,21.83406113537118,407,59,128,220
688,21.802325581395348,407,59,128,220
689,21.77068214804064,394,46,128,220
690,21.73913043478261,394,46,128,220
691,21.70767004341534,372,73,119,180
692,21.67630057803468,373,74,119,180
693,21.645021645021647,409,55,134,220
694,21.613832853025936,409,55,134,220
695,21.58273381294964,434,29,135,270
696,21.551724137931036,434,29,135,270
697,21.52080344332855,434,29,135,270
698,21.48997134670487,434,29,135,270
699,21.459227467811157,434,29,135,270
700,21.428571428571427,434,29,135,270
701,21.398002853067048,434,29,135,270
702,21.367521367521366,434,29,135,270
703,21.337126600284495,434,29,135,270
704,21.306818181818183,434,29,135,270
705,21.27659574468085,434,29,135,270
706,21.246458923512748,434,29,135,270
707,21.216407355021218,434,33,121,280
708,21.1864406779661,434,33,121,280
709,21.156558533145276,435,38,107,290
710,21.12676056338028,423,77,106,240
711,21.09704641350211,419,69,120,230
712,21.06741573033708,433,34,129,270
713,21.037868162692845,433,34,129,270
714,21.008403361344538,433,34,129,270
715,20.97902097902098,387,39,128,220
716,20.949720670391063,387,39,128,220
717,20.92050209205021,387,39,128,220
718,20.891364902506965,387,39,128,220
719,20.86230876216968,387,39,128,220
720,20.833333333333332,387,39,128,220
721,20.804438280166437,387,39,128,220
722,20.775623268698062,387,39,128,220
723,20.74688796680498,393,39,134,220
724,20.718232044198896,428,23,135,270
725,20.689655172413794,428,23,135,270
726,20.66115702479339,384,34,120,230
727,20.63273727647868,384,34,120,230
728,20.604395604395606,372,77,105,190
729,20.5761316872428,372,77,105,190
730,20.54794520547945,372,77,105,190
731,20.51983584131327,389,45,114,230
732,20.491803278688526,361,66,105,190
733,20.463847203274216,361,66,105,190
734,20.435967302452315,361,66,105,190
735,20.408163265306122,361,66,105,190
736,20.380434782608695,354,110,104,140
737,20.352781546811396,338,94,104,140
738,20.32520325203252,338,94,104,140
739,20.29769959404601,343,99,104,140
740,20.27027027027027,343,99,104,140
741,20.242914979757085,343,99,104,140
742,20.21563342318059,343,99,104,140
743,20.188425302826378,343,99,104,140
744,20.161290322580644,343,99,104,140
745,20.13422818791946,343,99,104,140
746,20.10723860589812,343,99,104,140
747,20.080321285140563,343,99,104,140
748,20.053475935828878,343,99,104,140
749,20.026702269692922,374,81,113,180
750,20,384,91,113,180
751,19.97336884154461,384,91,113,180
752,19.9468085106383,384,91,113,180
753,19.9203187250996,384,91,113,180
754,19.893899204244033,384,91,113,180
755,19.867549668874172,388,46,122,220
756,19.841269841269842,388,46,122,220
757,19.815059445178335,389,47,122,220
758,19.788918205804748,372,79,113,180
759,19.76284584980237,372,79,113,180
760,19.736842105263158,372,79,113,180
761,19.71090670170828,395,47,128,220
762,19.68503937007874,395,47,128,220
763,19.65923984272608,395,47,128,220
764,19.63350785340314,395,47,128,220
765,19.607843137254903,395,47,128,220
766,19.5822454308094,396,46,120,230
767,19.55671447196871,396,46,120,230
768,19.53125,396,46,120,230
769,19.50585175552666,396,46,120,230
770,19.48051948051948,396,46,120,230
771,19.455252918287936,374,79,105,190
772,19.430051813471504,374,79,105,190
773,19.404915912031047,408,62,106,240
774,19.37984496124031,374,79,105,190
775,19.35483870967742,374,79,105,190
776,19.329896907216494,374,79,105,190
777,19.305019305019304,374,79,105,190
778,19.28020565552699,374,79,105,190
779,19.255455712451862,374,79,105,190
780,19.23076923076923,374,79,105,190
781,19.206145966709347,410,66,114,230
782,19.18158567774936,410,66,114,230
783,19.157088122605366,410,66,114,230
784,19.132653061224488,410,66,114,230
785,19.10828025477707,410,66,114,230
786,19.083969465648856,374,79,105,190
787,19.05972045743329,374,79,105,190
788,19.03553299492386,374,79,105,190
789,19.011406844106464,374,79,105,190
790,18.9873417721519,374,79,105,190
791,18.963337547408344,396,46,120,230
792,18.939393939393938,396,46,120,230
793,18.915510718789406,392,42,120,230
794,18.89168765743073,352,53,119,180
795,18.867924528301888,352,53,119,180
796,18.844221105527637,352,53,119,180
797,18.820577164366373,352,53,119,180
798,18.796992481203006,352,53,119,180
799,18.773466833541928,354,110,104,140
800,18.75,354,110,104,140
801,18.726591760299627,349,54,105,190
802,18.703241895261847,349,54,105,190
803,18.679950186799502,349,54,105,190
804,18.65671641791045,349,54,105,190
805,18.633540372670808,349,54,105,190
806,18.610421836228287,350,55,105,190
807,18.587360594795538,350,55,105,190
808,18.564356435643564,350,55,105,190
809,18.54140914709518,350,55,105,190
810,18.51851851851852,360,65,105,190
811,18.49568434032059,360,65,105,190
812,18.472906403940886,360,65,105,190
813,18.45018450184502,360,65,105,190
814,18.42751842751843,360,65,105,190
815,18.404907975460123,360,65,105,190
816,18.38235294117647,360,65,105,190
817,18.359853121175032,360,65,105,190
818,18.337408312958434,360,65,105,190
819,18.315018315018314,360,65,105,190
820,18.29268292682927,360,65,105,190
821,18.270401948842874,360,65,105,190
822,18.248175182481752,360,65,105,190
823,18.226002430133658,360,65,105,190
824,18.203883495145632,360,65,105,190
825,18.181818181818183,360,65,105,190
826,18.159806295399516,360,65,105,190
827,18.137847642079805,360,65,105,190
828,18.115942028985508,364,65,119,180
829,18.094089264173704,382,83,119,180
830,18.072289156626507,382,83,119,180
831,18.050541516245488,425,75,120,230
832,18.028846153846153,425,75,120,230
833,18.007202881152462,419,75,114,230
834,17.985611510791365,397,53,114,230
835,17.964071856287426,397,53,114,230
836,17.942583732057415,397,53,114,230
837,17.921146953405017,397,53,114,230
838,17.899761336515514,397,53,114,230
839,17.878426698450536,397,53,114,230
840,17.857142857142858,397,53,114,230
841,17.8359096313912,383,39,114,230
842,17.81472684085511,383,39,114,230
843,17.793594306049823,383,39,114,230
844,17.77251184834123,383,39,114,230
845,17.75147928994083,383,39,114,230
846,17.73049645390071,377,33,114,230
847,17.70956316410862,377,33,114,230
848,17.68867924528302,420,27,123,270
849,17.6678445229682,420,27,123,270
850,17.647058823529413,423,30,123,270
851,17.626321974148063,423,30,123,270
852,17.6056338028169,399,55,114,230
853,17.584994138335286,399,55,114,230
854,17.56440281030445,399,55,114,230
855,17.54385964912281,369,74,105,190
856,17.523364485981308,369,74,105,190
857,17.50291715285881,369,74,105,190
858,17.482517482517483,369,74,105,190
859,17.462165308498253,369,74,105,190
860,17.441860465116278,369,74,105,190
861,17.421602787456447,369,74,105,190
862,17.40139211136891,369,74,105,190
863,17.381228273464657,409,65,114,230
864,17.36111111111111,409,65,114,230
865,17.341040462427745,409,65,114,230
866,17.321016166281755,409,65,114,230
867,17.301038062283737,409,65,114,230
868,17.28110599078341,409,65,114,230
869,17.26121979286536,409,65,114,230
870,17.24137931034483,409,65,114,230
871,17.22158438576349,409,65,114,230
872,17.201834862385322,409,65,114,230
873,17.18213058419244,425,26,129,270
874,17.162471395881006,425,26,129,270
875,17.142857142857142,425,26,129,270
876,17.123287671232877,403,59,114,230
877,17.10376282782212,419,26,123,270
878,17.084282460136674,377,33,114,230
879,17.064846416382252,420,25,115,280
880,17.045454545454547,420,25,115,280
881,17.0261066969353,420,25,115,280
882,17.006802721088434,420,25,115,280
883,16.987542468856173,420,25,115,280
884,16.968325791855204,420,25,115,280
885,16.949152542372882,429,34,115,280
886,16.93002257336343,429,34,115,280
887,16.910935738444195,429,34,115,280
888,16.89189189189189,429,34,115,280
889,16.87289088863892,383,39,114,230
890,16.853932584269664,383,39,114,230
891,16.835016835016834,383,39,114,230
892,16.816143497757846,383,39,114,230
893,16.7973124300112,383,39,114,230
894,16.778523489932887,383,39,114,230
895,16.75977653631285,397,53,114,230
896,16.741071428571427,397,53,114,230
897,16.722408026755854,397,53,114,230
898,16.70378619153675,397,53,114,230
899,16.685205784204673,369,74,105,190
900,16.666666666666668,369,74,105,190
901,16.64816870144284,369,74,105,190
902,16.62971175166297,401,55,106,240
903,16.611295681063122,401,55,106,240
904,16.5929203539823,401,55,106,240
905,16.574585635359117,401,55,106,240
906,16.556291390728475,408,62,106,240
907,16.5380374862183,408,62,106,240
908,16.519823788546255,408,62,106,240
909,16.501650165016503,401,55,106,240
910,16.483516483516482,400,54,106,240
911,16.46542261251372,408,62,106,240
912,16.44736842105263,400,54,106,240
913,16.42935377875137,400,54,106,240
914,16.411378555798688,400,54,106,240
915,16.39344262295082,400,54,106,240
916,16.375545851528383,400,54,106,240
917,16.357688113413303,400,54,106,240
918,16.33986928104575,400,54,106,240
919,16.32208922742111,400,54,106,240
920,16.304347826086957,400,54,106,240
921,16.286644951140065,442,41,121,280
922,16.268980477223426,442,41,121,280
923,16.251354279523294,442,41,121,280
924,16.233766233766232,442,41,121,280
925,16.216216216216218,442,41,121,280
926,16.198704103671705,442,41,121,280
927,16.181229773462782,442,41,121,280
928,16.163793103448278,442,41,121,280
929,16.146393972012916,442,41,121,280
930,16.129032258064516,442,41,121,280
931,16.111707841031148,442,41,121,280
932,16.09442060085837,442,41,121,280
933,16.077170418006432,436,41,115,280
934,16.059957173447536,429,34,115,280
935,16.0427807486631,429,34,115,280
936,16.025641025641026,429,34,115,280
937,16.008537886873,429,34,115,280
938,15.991471215351812,429,34,115,280
939,15.97444089456869,429,34,115,280
940,15.957446808510639,429,34,115,280
941,15.94048884165781,429,34,115,280
942,15.92356687898089,429,34,115,280
943,15.906680805938494,429,34,115,280
944,15.889830508474576,401,55,106,240
945,15.873015873015873,400,54,106,240
946,15.856236786469344,362,67,105,190
947,15.839493136219641,362,67,105,190
948,15.822784810126583,362,67,105,190
949,15.806111696522656,404,54,120,230
950,15.789473684210526,404,54,120,230
951,15.772870662460567,404,54,120,230
952,15.756302521008404,404,54,120,230
953,15.739769150052465,404,54,120,230
954,15.723270440251572,404,54,120,230
955,15.706806282722512,404,54,120,230
956,15.690376569037657,389,94,105,190
957,15.67398119122257,384,40,114,230
958,15.657620041753653,384,40,114,230
959,15.641293013555787,384,40,114,230
960,15.625,384,40,114,230
961,15.608740894901144,384,40,114,230
962,15.592515592515593,384,40,114,230
963,15.576323987538942,384,40,114,230
964,15.560165975103734,384,40,114,230
965,15.544041450777202,384,40,114,230
966,15.527950310559007,384,40,114,230
967,15.511892450879007,384,40,114,230
968,15.49586776859504,384,40,114,230
969,15.479876160990711,384,40,114,230
970,15.463917525773196,384,40,114,230
971,15.44799176107106,384,40,114,230
972,15.432098765432098,384,40,114,230
973,15.416238437821171,384,40,114,230
974,15.40041067761807,390,40,120,230
975,15.384615384615385,390,40,120,230
976,15.368852459016393,390,40,120,230
977,15.353121801432959,390,40,120,230
978,15.337423312883436,390,40,120,230
979,15.321756894790603,390,40,120,230
980,15.306122448979592,390,40,120,230
981,15.290519877675841,390,40,120,230
982,15.274949083503055,390,40,120,230
983,15.25940996948118,390,40,120,230
984,15.24390243902439,390,40,120,230
985,15.228426395939087,390,40,120,230
986,15.212981744421906,390,40,120,230
987,15.19756838905775,384,34,120,230
988,15.182186234817813,384,34,120,230
989,15.166835187057634,384,34,120,230
990,15.151515151515152,384,34,120,230
991,15.136226034308779,378,34,114,230
992,15.120967741935484,383,39,114,230
993,15.105740181268882,386,44,122,220
994,15.090543259557345,383,39,114,230
995,15.075376884422111,378,34,114,230
996,15.060240963855422,378,34,114,230
997,15.045135406218655,378,34,114,230
998,15.030060120240481,357,62,105,190
999,15.015015015015015,357,62,105,190
1000,15,357,62,105,190
1001,14.985014985014985,357,62,105,190
1002,14.970059880239521,357,62,105,190
1003,14.955134596211366,357,62,105,190
1004,14.9402390438247,357,62,105,190
1005,14.925373134328359,357,62,105,190
1006,14.910536779324056,357,62,105,190
1007,14.895729890764647,357,113,104,140
1008,14.880952380952381,357,113,104,140
1009,14.866204162537166,372,77,105,190
1010,14.851485148514852,357,113,104,140
1011,14.836795252225519,357,113,104,140
1012,14.82213438735178,342,98,104,140
1013,14.807502467917079,342,98,104,140
1014,14.792899408284024,342,98,104,140
1015,14.77832512315271,342,98,104,140
1016,14.763779527559056,342,98,104,140
1017,14.749262536873156,342,98,104,140
1018,14.734774066797643,342,98,104,140
1019,14.720314033366044,342,98,104,140
1020,14.705882352941176,342,98,104,140
1021,14.691478942213516,342,98,104,140
1022,14.677103718199609,343,99,104,140
1023,14.662756598240469,343,99,104,140
1024,14.6484375,343,99,104,140
1025,14.634146341463415,343,99,104,140
1026,14.619883040935672,359,66,113,180
1027,14.605647517039921,359,66,113,180
1028,14.591439688715953,359,66,113,180
1029,14.577259475218659,367,74,113,180
1030,14.563106796116505,367,74,113,180
1031,14.54898157129001,367,74,113,180
1032,14.534883720930232,367,74,113,180
1033,14.52081316553727,367,74,113,180
1034,14.506769825918763,367,74,113,180
1035,14.492753623188406,367,74,113,180
1036,14.478764478764479,367,74,113,180
1037,14.46480231436837,367,74,113,180
1038,14.45086705202312,367,74,113,180
1039,14.436958614051973,367,74,113,180
1040,14.423076923076923,367,74,113,180
1041,14.409221902017292,367,74,113,180
1042,14.395393474088293,367,74,113,180
1043,14.381591562799617,367,74,113,180
1044,14.367816091954023,367,74,113,180
1045,14.354066985645932,367,74,113,180
1046,14.340344168260039,367,74,113,180
1047,14.326647564469914,373,74,119,180
1048,14.312977099236642,365,66,119,180
1049,14.299332697807436,365,66,119,180
1050,14.285714285714286,365,66,119,180
1051,14.272121788772598,365,66,119,180
1052,14.258555133079849,365,66,119,180
1053,14.245014245014245,365,66,119,180
1054,14.231499051233397,365,66,119,180
1055,14.218009478672986,354,110,104,140
1056,14.204545454545455,354,110,104,140
1057,14.191106906338694,354,110,104,140
1058,14.177693761814744,354,110,104,140
1059,14.164305949008499,359,66,113,180
1060,14.150943396226415,359,66,113,180
1061,14.137606032045241,359,66,113,180
1062,14.124293785310735,359,66,113,180
1063,14.111006585136407,359,66,113,180
1064,14.097744360902256,395,53,122,220
1065,14.084507042253522,395,53,122,220
1066,14.071294559099437,395,53,122,220
1067,14.058106841611997,395,53,122,220
1068,14.044943820224718,395,53,122,220
1069,14.03180542563143,395,53,122,220
1070,14.018691588785046,395,53,122,220
1071,14.005602240896359,431,38,123,270
1072,13.992537313432836,431,38,123,270
1073,13.979496738117428,431,38,123,270
1074,13.966480446927374,431,38,123,270
1075,13.953488372093023,436,41,115,280
1076,13.940520446096654,435,42,123,270
1077,13.927576601671309,410,66,114,230
1078,13.91465677179963,408,66,122,220
1079,13.901760889712698,408,66,122,220
1080,13.88888888888889,408,66,122,220
1081,13.876040703052729,408,66,122,220
1082,13.863216266173753,408,66,122,220
1083,13.850415512465373,408,66,122,220
1084,13.837638376383763,388,46,122,220
1085,13.824884792626728,388,46,122,220
1086,13.812154696132596,385,43,122,220
1087,13.799448022079117,385,43,122,220
1088,13.786764705882353,385,43,122,220
1089,13.774104683195592,385,43,122,220
1090,13.761467889908257,385,43,122,220
1091,13.748854262144821,385,43,122,220
1092,13.736263736263735,385,43,122,220
1093,13.723696248856358,385,43,122,220
1094,13.711151736745887,385,43,122,220
1095,13.698630136986301,391,43,128,220
1096,13.686131386861314,391,43,128,220
1097,13.673655423883318,391,43,128,220
1098,13.66120218579235,391,43,128,220
1099,13.64877161055505,391,43,128,220
1100,13.636363636363637,391,43,128,220
1101,13.623978201634877,394,46,128,220
1102,13.611615245009075,346,53,113,180
1103,13.599274705349048,346,53,113,180
1104,13.58695652173913,346,53,113,180
1105,13.574660633484163,354,110,104,140
1106,13.5623869801085,354,110,104,140
1107,13.550135501355014,354,110,104,140
1108,13.537906137184116,354,110,104,140
1109,13.525698827772768,354,110,104,140
1110,13.513513513513514,354,110,104,140
1111,13.501350135013501,389,90,119,180
1112,13.489208633093526,389,90,119,180
1113,13.477088948787062,389,90,119,180
1114,13.464991023339318,389,90,119,180
1115,13.452914798206278,389,90,119,180
1116,13.440860215053764,419,65,134,220
1117,13.42882721575649,455,50,135,270
1118,13.416815742397137,455,50,135,270
1119,13.404825737265416,455,50,135,270
1120,13.392857142857142,455,50,135,270
1121,13.380909901873327,455,50,135,270
1122,13.368983957219251,455,50,135,270
1123,13.357079252003562,474,18,136,320
1124,13.345195729537366,517,10,137,370
1125,13.333333333333334,517,10,137,370
1126,13.321492007104796,513,10,123,380
1127,13.309671694764862,507,10,117,380
1128,13.297872340425531,507,10,117,380
1129,13.286093888396811,507,10,117,380
1130,13.274336283185841,506,11,125,370
1131,13.26259946949602,506,11,125,370
1132,13.250883392226148,506,11,125,370
1133,13.23918799646955,506,11,125,370
1134,13.227513227513228,506,11,125,370
1135,13.215859030837004,506,11,125,370
1136,13.204225352112676,506,11,125,370
1137,13.192612137203167,506,11,125,370
1138,13.181019332161688,504,9,125,370
1139,13.169446883230904,504,9,125,370
1140,13.157894736842104,474,30,124,320
1141,13.146362839614373,474,30,124,320
1142,13.134851138353765,474,30,124,320
1143,13.123359580052494,479,35,124,320
1144,13.111888111888112,479,35,124,320
1145,13.100436681222707,479,35,124,320
1146,13.089005235602095,479,35,124,320
1147,13.077593722755013,479,35,124,320
1148,13.066202090592334,479,35,124,320
1149,13.054830287206267,479,35,124,320
1150,13.043478260869565,479,35,124,320
1151,13.032145960034752,479,35,124,320
1152,13.020833333333334,479,35,124,320
1153,13.009540329575021,441,46,115,280
1154,12.998266897746968,409,65,114,230
1155,12.987012987012987,409,65,114,230
1156,12.975778546712803,409,65,114,230
1157,12.96456352636128,409,65,114,230
1158,12.953367875647668,380,85,105,190
1159,12.942191544434857,380,85,105,190
1160,12.931034482758621,380,85,105,190
1161,12.919896640826874,389,45,114,230
1162,12.908777969018933,394,46,128,220
1163,12.89767841788478,391,43,128,220
1164,12.88659793814433,385,43,122,220
1165,12.875536480686696,385,43,122,220
1166,12.864493996569468,385,43,122,220
1167,12.853470437017995,385,43,122,220
1168,12.842465753424657,385,43,122,220
1169,12.83147989734816,385,43,122,220
1170,12.820512820512821,385,43,122,220
1171,12.809564474807857,385,43,122,220
1172,12.79863481228669,388,46,122,220
1173,12.787723785166241,388,46,122,220
1174,12.776831345826235,388,46,122,220
1175,12.76595744680851,388,46,122,220
1176,12.755102040816327,390,46,114,230
1177,12.74426508071368,390,46,114,230
1178,12.733446519524618,390,46,114,230
1179,12.72264631043257,396,46,120,230
1180,12.711864406779661,390,91,119,180
1181,12.701100762066046,390,91,119,180
1182,12.690355329949238,390,91,119,180
1183,12.679628064243449,390,91,119,180
1184,12.66891891891892,390,91,119,180
1185,12.658227848101266,390,91,119,180
1186,12.647554806070826,390,91,119,180
1187,12.636899747262005,390,91,119,180
1188,12.626262626262626,390,91,119,180
1189,12.615643397813288,390,91,119,180
1190,12.605042016806722,390,91,119,180
1191,12.594458438287154,412,58,134,220
1192,12.583892617449665,412,58,134,220
1193,12.573344509639565,412,58,134,220
1194,12.56281407035176,412,58,134,220
1195,12.552301255230125,412,58,134,220
1196,12.54180602006689,412,58,134,220
1197,12.531328320802006,412,58,134,220
1198,12.520868113522537,412,58,134,220
1199,12.510425354462052,412,58,134,220
1200,12.5,406,58,128,220
1201,12.489592006661116,401,53,128,220
1202,12.479201331114808,401,53,128,220
1203,12.468827930174564,395,53,122,220
1204,12.458471760797343,374,81,113,180
1205,12.448132780082988,384,91,113,180
1206,12.437810945273633,389,94,105,190
1207,12.427506213753107,389,94,105,190
1208,12.417218543046358,389,94,105,190
1209,12.40694789081886,389,94,105,190
1210,12.396694214876034,389,94,105,190
1211,12.386457473162675,389,94,105,190
1212,12.376237623762377,357,113,104,140
1213,12.36603462489695,357,113,104,140
1214,12.355848434925864,357,113,104,140
1215,12.345679012345679,357,62,105,190
1216,12.335526315789474,357,62,105,190
1217,12.325390304026294,357,62,105,190
1218,12.31527093596059,357,62,105,190
1219,12.305168170631665,357,62,105,190
1220,12.295081967213115,357,62,105,190
1221,12.285012285012286,357,62,105,190
1222,12.274959083469723,357,62,105,190
1223,12.264922322158627,349,54,105,190
1224,12.254901960784315,349,54,105,190
1225,12.244897959183673,349,54,105,190
1226,12.234910277324634,349,54,105,190
1227,12.224938875305623,349,54,105,190
1228,12.214983713355048,350,55,105,190
1229,12.205044751830757,350,55,105,190
1230,12.195121951219512,350,55,105,190
1231,12.185215272136475,350,55,105,190
1232,12.175324675324676,350,55,105,190
1233,12.165450121654501,350,55,105,190
1234,12.155591572123177,350,55,105,190
1235,12.145748987854251,350,55,105,190
1236,12.135922330097088,350,55,105,190
1237,12.126111560226354,349,54,105,190
1238,12.116316639741518,349,54,105,190
1239,12.106537530266344,349,54,105,190
1240,12.096774193548388,349,54,105,190
1241,12.087026591458502,349,54,105,190
1242,12.077294685990339,349,54,105,190
1243,12.067578439259854,354,110,104,140
1244,12.057877813504824,354,110,104,140
1245,12.048192771084338,354,110,104,140
1246,12.038523274478331,354,110,104,140
1247,12.028869286287089,354,110,104,140
1248,12.01923076923077,354,110,104,140
1249,12.00960768614892,354,110,104,140
1250,12,343,99,104,140
1251,11.990407673860911,343,99,104,140
1252,11.980830670926517,343,99,104,140
1253,11.971268954509178,342,98,104,140
1254,11.961722488038278,342,98,104,140
1255,11.952191235059761,338,94,104,140
1256,11.94267515923567,338,94,104,140
1257,11.933174224343675,338,94,104,140
1258,11.92368839427663,338,94,104,140
1259,11.914217633042098,338,94,104,140
1260,11.904761904761905,338,94,104,140
1261,11.89532117367169,338,94,104,140
1262,11.885895404120443,338,94,104,140
1263,11.876484560570072,338,94,104,140
1264,11.867088607594937,338,94,104,140
1265,11.857707509881424,338,94,104,140
1266,11.848341232227488,338,94,104,140
1267,11.838989739542226,338,94,104,140
1268,11.829652996845425,354,110,104,140
1269,11.82033096926714,354,110,104,140
1270,11.811023622047244,354,110,104,140
1271,11.801730920535011,354,110,104,140
1272,11.79245283018868,354,110,104,140
1273,11.783189316575019,354,110,104,140
1274,11.773940345368917,354,110,104,140
1275,11.764705882352942,354,110,104,140
1276,11.755485893416928,354,110,104,140
1277,11.746280344557556,354,110,104,140
1278,11.737089201877934,354,110,104,140
1279,11.727912431587178,354,110,104,140
1280,11.71875,354,110,104,140
1281,11.7096018735363,354,110,104,140
1282,11.700468018720748,354,110,104,140
1283,11.691348402182385,354,110,104,140
1284,11.682242990654206,354,110,104,140
1285,11.673151750972762,354,110,104,140
1286,11.66407465007776,354,110,104,140
1287,11.655011655011656,354,110,104,140
1288,11.645962732919255,354,110,104,140
1289,11.636927851047323,354,110,104,140
1290,11.627906976744185,354,110,104,140
1291,11.618900077459333,354,110,104,140
1292,11.609907120743035,338,94,104,140
1293,11.600928074245939,348,55,113,180
1294,11.591962905718702,338,94,104,140
1295,11.583011583011583,338,94,104,140
1296,11.574074074074074,338,94,104,140
1297,11.56515034695451,338,94,104,140
1298,11.556240369799692,338,94,104,140
1299,11.547344110854503,338,94,104,140
1300,11.538461538461538,354,110,104,140
1301,11.529592621060722,354,110,104,140
1302,11.52073732718894,354,110,104,140
1303,11.511895625479662,354,110,104,140
1304,11.503067484662576,343,99,104,140
1305,11.494252873563218,338,94,104,140
1306,11.485451761102603,343,99,104,140
1307,11.476664116296863,343,99,104,140
1308,11.46788990825688,346,53,113,180
1309,11.45912910618793,346,53,113,180
1310,11.450381679389313,346,53,113,180
1311,11.441647597254004,346,53,113,180
1312,11.432926829268293,346,53,113,180
1313,11.424219345011425,346,53,113,180
1314,11.415525114155251,346,53,113,180
1315,11.406844106463879,346,53,113,180
1316,11.398176291793312,346,53,113,180
1317,11.389521640091116,346,53,113,180
1318,11.380880121396055,346,53,113,180
1319,11.372251705837757,346,53,113,180
1320,11.363636363636363,346,53,113,180
1321,11.355034065102195,346,53,113,180
1322,11.346444780635402,346,53,113,180
1323,11.337868480725623,346,53,113,180
1324,11.329305135951662,346,53,113,180
1325,11.320754716981131,346,53,113,180
1326,11.312217194570136,346,53,113,180
1327,11.303692539562924,346,53,113,180
1328,11.295180722891565,346,53,113,180
1329,11.286681715575622,348,55,113,180
1330,11.278195488721805,348,55,113,180
1331,11.269722013523666,348,55,113,180
1332,11.26126126126126,348,55,113,180
1333,11.252813203300825,386,42,114,230
1334,11.244377811094452,377,82,105,190
1335,11.235955056179776,377,82,105,190
1336,11.22754491017964,377,82,105,190
1337,11.219147344801796,410,66,114,230
1338,11.210762331838565,410,66,114,230
1339,11.202389843166543,374,79,105,190
1340,11.194029850746269,374,79,105,190
1341,11.185682326621924,374,79,105,190
1342,11.177347242921014,374,79,105,190
1343,11.169024571854058,374,79,105,190
1344,11.160714285714286,374,79,105,190
1345,11.152416356877323,374,79,105,190
1346,11.144130757800891,374,79,105,190
1347,11.135857461024498,378,79,119,180
1348,11.127596439169139,396,46,120,230
1349,11.11934766493699,396,46,120,230
1350,11.11111111111111,396,46,120,230
1351,11.102886750555145,396,46,120,230
1352,11.094674556213018,401,47,134,220
1353,11.086474501108647,401,47,134,220
1354,11.078286558345642,401,47,134,220
1355,11.07011070110701,401,47,134,220
1356,11.061946902654867,378,79,119,180
1357,11.05379513633014,380,81,119,180
1358,11.045655375552283,378,79,119,180
1359,11.037527593818984,378,79,119,180
1360,11.029411764705882,378,79,119,180
1361,11.021307861866275,380,81,119,180
1362,11.013215859030836,380,81,119,180
1363,11.005135730007337,380,81,119,180
1364,10.997067448680351,380,81,119,180
1365,10.989010989010989,380,81,119,180
1366,10.980966325036603,380,81,119,180
1367,10.972933430870519,380,81,119,180
1368,10.964912280701755,384,85,119,180
1369,10.95690284879474,342,98,104,140
1370,10.94890510948905,342,98,104,140
1371,10.940919037199125,342,98,104,140
1372,10.932944606413994,342,98,104,140
1373,10.924981791697014,342,98,104,140
1374,10.91703056768559,342,98,104,140
1375,10.909090909090908,342,98,104,140
1376,10.901162790697674,342,98,104,140
1377,10.893246187363834,342,98,104,140
1378,10.88534107402032,342,98,104,140
1379,10.877447425670775,342,98,104,140
1380,10.869565217391305,342,98,104,140
1381,10.861694424330196,342,98,104,140
1382,10.85383502170767,342,98,104,140
1383,10.845986984815617,342,98,104,140
1384,10.83815028901734,342,98,104,140
1385,10.830324909747292,342,98,104,140
1386,10.822510822510823,342,98,104,140
1387,10.814708002883922,342,98,104,140
1388,10.806916426512968,342,98,104,140
1389,10.799136069114471,342,98,104,140
1390,10.79136690647482,343,99,104,140
1391,10.783608914450037,343,99,104,140
1392,10.775862068965518,343,99,104,140
1393,10.768126346015793,338,94,104,140
1394,10.760401721664275,338,94,104,140
1395,10.75268817204301,338,94,104,140
1396,10.744985673352435,338,94,104,140
1397,10.73729420186113,338,94,104,140
1398,10.729613733905579,338,94,104,140
1399,10.72194424588992,338,94,104,140
1400,10.714285714285714,338,94,104,140
1401,10.70663811563169,350,55,105,190
1402,10.699001426533524,350,55,105,190
1403,10.691375623663578,350,55,105,190
1404,10.683760683760683,350,55,105,190
1405,10.676156583629894,360,65,105,190
1406,10.668563300142248,360,65,105,190
1407,10.660980810234541,360,65,105,190
1408,10.653409090909092,360,65,105,190
1409,10.645848119233499,360,65,105,190
1410,10.638297872340425,350,55,105,190
1411,10.630758327427356,350,55,105,190
1412,10.623229461756374,348,55,113,180
1413,10.615711252653927,348,55,113,180
1414,10.608203677510609,348,55,113,180
1415,10.60070671378092,346,53,113,180
1416,10.59322033898305,346,53,113,180
1417,10.585744530698658,346,53,113,180
1418,10.578279266572638,346,53,113,180
1419,10.570824524312897,349,54,105,190
1420,10.56338028169014,349,54,105,190
1421,10.555946516537649,346,53,113,180
1422,10.548523206751055,346,53,113,180
1423,10.541110330288124,346,53,113,180
1424,10.53370786516854,376,83,113,180
1425,10.526315789473685,376,83,113,180
1426,10.518934081346423,370,26,114,230
1427,10.51156271899089,370,26,114,230
1428,10.504201680672269,370,26,114,230
1429,10.496850944716584,370,26,114,230
1430,10.48951048951049,370,26,114,230
1431,10.482180293501049,376,26,120,230
1432,10.474860335195531,376,26,120,230
1433,10.4675505931612,376,26,120,230
1434,10.460251046025105,376,26,120,230
1435,10.452961672473867,376,26,120,230
1436,10.445682451253482,376,26,120,230
1437,10.438413361169102,384,34,120,230
1438,10.43115438108484,384,34,120,230
1439,10.423905489923557,384,34,120,230
1440,10.416666666666666,384,34,120,230
1441,10.40943789035392,380,34,106,240
1442,10.402219140083218,380,34,106,240
1443,10.395010395010395,380,34,106,240
1444,10.387811634349031,380,34,106,240
1445,10.380622837370241,380,34,106,240
1446,10.37344398340249,378,34,114,230
1447,10.366275051831375,378,34,114,230
1448,10.359116022099448,378,34,114,230
1449,10.351966873706004,369,25,114,230
1450,10.344827586206897,369,25,114,230
1451,10.337698139214336,369,25,114,230
1452,10.330578512396695,369,25,114,230
1453,10.323468685478321,369,25,114,230
1454,10.31636863823934,373,29,114,230
1455,10.309278350515465,372,77,105,190
1456,10.302197802197803,373,29,114,230
1457,10.29512697323267,373,29,114,230
1458,10.2880658436214,373,29,114,230
1459,10.28101439342015,369,25,114,230
1460,10.273972602739725,369,25,114,230
1461,10.26694045174538,369,25,114,230
1462,10.259917920656635,369,25,114,230
1463,10.252904989747096,369,25,114,230
1464,10.245901639344263,369,25,114,230
1465,10.238907849829351,357,62,105,190
1466,10.231923601637108,351,58,113,180
1467,10.224948875255624,351,58,113,180
1468,10.217983651226158,351,58,113,180
1469,10.211027910142954,351,58,113,180
1470,10.204081632653061,346,53,113,180
1471,10.197144799456153,346,53,113,180
1472,10.190217391304348,352,53,119,180
1473,10.183299389002036,352,53,119,180
1474,10.176390773405698,352,53,119,180
1475,10.169491525423728,349,54,105,190
1476,10.16260162601626,378,83,105,190
1477,10.15572105619499,378,83,105,190
1478,10.148849797023004,378,83,105,190
1479,10.141987829614605,378,83,105,190
1480,10.135135135135135,378,83,105,190
1481,10.12829169480081,378,83,105,190
1482,10.121457489878543,378,83,105,190
1483,10.114632501685772,378,83,105,190
1484,10.107816711590296,378,83,105,190
1485,10.1010101010101,378,83,105,190
1486,10.094212651413189,378,83,105,190
1487,10.087424344317418,378,83,105,190
1488,10.080645161290322,349,54,105,190
1489,10.073875083948959,349,54,105,190
1490,10.06711409395973,349,54,105,190
1491,10.060362173038229,349,54,105,190
1492,10.05361930294906,349,54,105,190
1493,10.046885465505694,396,46,120,230
1494,10.040160642570282,396,46,120,230
1495,10.033444816053512,349,54,105,190
1496,10.026737967914439,349,54,105,190
1497,10.02004008016032,349,54,105,190
1498,10.013351134846461,349,54,105,190
1499,10.00667111407605,349,54,105,190
1500,10,349,54,105,190
1501,9.993337774816789,349,54,105,190
1502,9.986684420772304,349,54,105,190
1503,9.980039920159681,349,54,105,190
1504,9.97340425531915,349,54,105,190
1505,9.966777408637874,349,54,105,190
1506,9.9601593625498,349,54,105,190
1507,9.953550099535502,349,54,105,190
1508,9.946949602122016,349,54,105,190
1509,9.940357852882704,349,54,105,190
1510,9.933774834437086,349,54,105,190
1511,9.927200529450696,349,54,105,190
1512,9.920634920634921,343,99,104,140
1513,9.914077990746861,343,99,104,140
1514,9.907529722589167,343,99,104,140
1515,9.900990099009901,343,99,104,140
1516,9.894459102902374,343,99,104,140
1517,9.88793671720501,343,99,104,140
1518,9.881422924901186,343,99,104,140
1519,9.874917709019092,357,113,104,140
1520,9.868421052631579,357,113,104,140
1521,9.861932938856016,357,113,104,140
1522,9.85545335085414,357,58,119,180
1523,9.848982271831911,342,98,104,140
1524,9.84251968503937,342,98,104,140
1525,9.836065573770492,342,98,104,140
1526,9.82961992136304,342,98,104,140
1527,9.82318271119843,342,98,104,140
1528,9.81675392670157,342,98,104,140
1529,9.810333551340745,342,98,104,140
1530,9.803921568627452,342,98,104,140
1531,9.797517962116263,342,98,104,140
1532,9.7911227154047,342,98,104,140
1533,9.784735812133073,369,74,105,190
1534,9.778357235984355,369,74,105,190
1535,9.77198697068404,362,67,105,190
1536,9.765625,362,67,105,190
1537,9.759271307742356,362,67,105,190
1538,9.75292587776333,362,67,105,190
1539,9.746588693957115,362,67,105,190
1540,9.74025974025974,362,67,105,190
1541,9.73393900064893,362,67,105,190
1542,9.727626459143968,362,67,105,190
1543,9.721322099805574,362,67,105,190
1544,9.715025906735752,372,77,105,190
1545,9.70873786407767,361,66,105,190
1546,9.702457956015524,361,66,105,190
1547,9.696186166774401,361,66,105,190
1548,9.689922480620154,361,66,105,190
1549,9.683666881859263,361,66,105,190
1550,9.67741935483871,361,66,105,190
1551,9.671179883945841,361,66,105,190
1552,9.664948453608247,361,66,105,190
1553,9.658725048293626,361,66,105,190
1554,9.652509652509652,361,66,105,190
1555,9.646302250803858,361,66,105,190
1556,9.640102827763496,361,66,105,190
1557,9.633911368015415,361,66,105,190
1558,9.627727856225931,361,66,105,190
1559,9.621552277100706,361,66,105,190
1560,9.615384615384615,361,66,105,190
1561,9.609224855861628,361,66,105,190
1562,9.603072983354673,361,66,105,190
1563,9.596928982725528,361,66,105,190
1564,9.59079283887468,361,66,105,190
1565,9.584664536741213,361,66,105,190
1566,9.578544061302683,361,66,105,190
1567,9.572431397574984,361,66,105,190
1568,9.566326530612244,361,66,105,190
1569,9.560229445506693,362,67,105,190
1570,9.554140127388536,362,67,105,190
1571,9.548058561425844,362,67,105,190
1572,9.541984732824428,359,66,113,180
1573,9.535918626827717,359,66,113,180
1574,9.529860228716645,343,99,104,140
1575,9.523809523809524,343,99,104,140
1576,9.51776649746193,343,99,104,140
1577,9.511731135066583,343,99,104,140
1578,9.505703422053232,359,66,113,180
1579,9.499683343888536,359,66,113,180
1580,9.49367088607595,359,66,113,180
1581,9.487666034155598,359,66,113,180
1582,9.481668773704172,359,66,113,180
1583,9.475679090334808,359,66,113,180
1584,9.469696969696969,359,66,113,180
1585,9.46372239747634,359,66,113,180
1586,9.457755359394703,359,66,113,180
1587,9.45179584120983,359,66,113,180
1588,9.445843828715365,359,66,113,180
1589,9.439899307740717,359,66,113,180
1590,9.433962264150944,359,66,113,180
1591,9.428032683846638,359,66,113,180
1592,9.422110552763819,359,66,113,180
1593,9.416195856873824,359,66,113,180
1594,9.410288582183187,359,66,113,180
1595,9.404388714733543,359,66,113,180
1596,9.398496240601503,359,66,113,180
1597,9.39261114589856,359,66,113,180
1598,9.386733416770964,359,66,113,180
1599,9.380863039399625,359,66,113,180
1600,9.375,359,66,113,180
1601,9.369144284821987,359,66,113,180
1602,9.363295880149813,359,66,113,180
1603,9.357454772301933,359,66,113,180
1604,9.351620947630924,359,66,113,180
1605,9.345794392523365,359,66,113,180
1606,9.339975093399751,359,66,113,180
1607,9.334163036714374,338,94,104,140
1608,9.328358208955224,338,94,104,140
1609,9.322560596643878,338,94,104,140
1610,9.316770186335404,348,55,113,180
1611,9.31098696461825,348,55,113,180
1612,9.305210918114144,361,68,113,180
1613,9.299442033477991,361,68,113,180
1614,9.293680297397769,361,68,113,180
1615,9.287925696594428,338,94,104,140
1616,9.282178217821782,338,94,104,140
1617,9.276437847866418,338,94,104,140
1618,9.27070457354759,338,94,104,140
1619,9.264978381717109,338,94,104,140
1620,9.25925925925926,338,94,104,140
1621,9.253547193090684,338,94,104,140
1622,9.247842170160295,338,94,104,140
1623,9.242144177449168,338,94,104,140
1624,9.236453201970443,338,94,104,140
1625,9.23076923076923,338,94,104,140
1626,9.22509225092251,338,94,104,140
1627,9.21942224953903,338,94,104,140
1628,9.213759213759214,338,94,104,140
1629,9.208103130755065,338,94,104,140
1630,9.202453987730062,338,94,104,140
1631,9.196811771919068,338,94,104,140
1632,9.191176470588236,338,94,104,140
1633,9.185548071034905,338,94,104,140
1634,9.179926560587516,338,94,104,140
1635,9.174311926605505,338,94,104,140
1636,9.168704156479217,338,94,104,140
1637,9.16310323762981,338,94,104,140
1638,9.157509157509157,338,94,104,140
1639,9.151921903599757,338,94,104,140
1640,9.146341463414634,338,94,104,140
1641,9.140767824497258,338,94,104,140
1642,9.135200974421437,338,94,104,140
1643,9.129640900791236,338,94,104,140
1644,9.124087591240876,338,94,104,140
1645,9.118541033434651,342,98,104,140
1646,9.113001215066829,342,98,104,140
1647,9.107468123861567,342,98,104,140
1648,9.101941747572816,342,98,104,140
1649,9.096422073984233,342,98,104,140
1650,9.090909090909092,342,98,104,140
1651,9.085402786190187,342,98,104,140
1652,9.079903147699758,342,98,104,140
1653,9.074410163339383,342,98,104,140
1654,9.068923821039903,342,98,104,140
1655,9.06344410876133,342,98,104,140
1656,9.057971014492754,342,98,104,140
1657,9.052504526252264,342,98,104,140
1658,9.047044632086852,342,98,104,140
1659,9.041591320072333,342,98,104,140
1660,9.036144578313253,342,98,104,140
1661,9.030704394942806,342,98,104,140
1662,9.025270758122744,342,98,104,140
1663,9.019843656043296,338,94,104,140
1664,9.014423076923077,338,94,104,140
1665,9.00900900900901,338,94,104,140
1666,9.003601440576231,342,98,104,140
1667,8.998200359928015,342,98,104,140
1668,8.992805755395683,342,98,104,140
1669,8.987417615338526,342,98,104,140
1670,8.982035928143713,342,98,104,140
1671,8.976660682226212,342,98,104,140
1672,8.971291866028707,342,98,104,140
1673,8.965929468021518,342,98,104,140
1674,8.960573476702509,342,98,104,140
1675,8.955223880597014,342,98,104,140
1676,8.949880668257757,342,98,104,140
1677,8.94454382826476,342,98,104,140
1678,8.939213349225268,342,98,104,140
1679,8.933889219773675,342,98,104,140
1680,8.928571428571429,342,98,104,140
1681,8.92325996430696,342,98,104,140
1682,8.9179548156956,342,98,104,140
1683,8.9126559714795,342,98,104,140
1684,8.907363420427554,342,98,104,140
1685,8.90207715133531,342,98,104,140
1686,8.896797153024911,342,98,104,140
1687,8.891523414344991,342,98,104,140
1688,8.886255924170616,342,98,104,140
1689,8.880994671403197,338,94,104,140
1690,8.875739644970414,338,94,104,140
1691,8.870490833826139,338,94,104,140
1692,8.865248226950355,338,94,104,140
1693,8.860011813349084,338,94,104,140
1694,8.85478158205431,342,98,104,140
1695,8.849557522123893,342,98,104,140
1696,8.84433962264151,343,99,104,140
1697,8.839127872716558,343,99,104,140
1698,8.8339222614841,343,99,104,140
1699,8.828722778104767,343,99,104,140
1700,8.823529411764707,343,99,104,140
1701,8.818342151675486,343,99,104,140
1702,8.813160987074031,343,99,104,140
1703,8.807985907222548,349,54,105,190
1704,8.80281690140845,349,54,105,190
1705,8.79765395894428,343,99,104,140
1706,8.792497069167643,343,99,104,140
1707,8.787346221441124,343,99,104,140
1708,8.782201405152225,346,53,113,180
1709,8.777062609713283,351,58,113,180
1710,8.771929824561404,351,58,113,180
1711,8.766803039158386,351,58,113,180
1712,8.761682242990654,357,62,105,190
1713,8.756567425569177,357,62,105,190
1714,8.751458576429405,357,62,105,190
1715,8.746355685131196,357,62,105,190
1716,8.741258741258742,357,62,105,190
1717,8.736167734420501,357,62,105,190
1718,8.731082654249127,357,62,105,190
1719,8.726003490401396,357,62,105,190
1720,8.720930232558139,357,62,105,190
1721,8.715862870424171,357,62,105,190
1722,8.710801393728223,357,62,105,190
1723,8.705745792222867,342,98,104,140
1724,8.700696055684455,342,98,104,140
1725,8.695652173913043,342,98,104,140
1726,8.690614136732329,342,98,104,140
1727,8.685581933989578,342,98,104,140
1728,8.680555555555555,342,98,104,140
1729,8.675534991324465,342,98,104,140
1730,8.670520231213873,342,98,104,140
1731,8.665511265164644,342,98,104,140
1732,8.660508083140877,342,98,104,140
1733,8.655510675129833,342,98,104,140
1734,8.650519031141869,367,74,113,180
1735,8.645533141210375,367,74,113,180
1736,8.640552995391705,367,74,113,180
1737,8.635578583765112,359,66,113,180
1738,8.63060989643268,359,66,113,180
1739,8.625646923519264,359,66,113,180
1740,8.620689655172415,359,66,113,180
1741,8.61573808156232,359,66,113,180
1742,8.610792192881744,359,66,113,180
1743,8.605851979345955,359,66,113,180
1744,8.600917431192661,359,66,113,180
1745,8.595988538681949,359,66,113,180
1746,8.59106529209622,359,66,113,180
1747,8.586147681740126,359,66,113,180
1748,8.581235697940503,359,66,113,180
1749,8.576329331046312,359,66,113,180
1750,8.571428571428571,359,66,113,180
1751,8.566533409480297,359,66,113,180
1752,8.561643835616438,359,66,113,180
1753,8.556759840273816,359,66,113,180
1754,8.55188141391106,359,66,113,180
1755,8.547008547008547,383,90,113,180
1756,8.542141230068337,383,90,113,180
1757,8.537279453614115,386,38,128,220
1758,8.532423208191126,386,38,128,220
1759,8.527572484366116,386,38,128,220
1760,8.522727272727273,386,38,128,220
1761,8.517887563884157,386,38,128,220
1762,8.51305334846765,383,33,120,230
1763,8.508224617129892,383,33,120,230
1764,8.503401360544217,383,33,120,230
1765,8.498583569405099,383,33,120,230
1766,8.493771234428086,383,33,120,230
1767,8.488964346349745,383,33,120,230
1768,8.484162895927602,383,33,120,230
1769,8.479366873940078,352,53,119,180
1770,8.474576271186441,354,55,119,180
1771,8.46979107848673,354,55,119,180
1772,8.465011286681715,354,55,119,180
1773,8.460236886632826,354,55,119,180
1774,8.455467869222097,354,55,119,180
1775,8.450704225352112,354,55,119,180
1776,8.445945945945946,354,55,119,180
1777,8.441193021947102,354,55,119,180
1778,8.43644544431946,354,55,119,180
1779,8.431703204047217,354,55,119,180
1780,8.426966292134832,367,68,119,180
1781,8.422234699606962,367,68,119,180
1782,8.417508417508417,367,68,119,180
1783,8.412787436904095,367,68,119,180
1784,8.408071748878923,367,68,119,180
1785,8.403361344537815,367,68,119,180
1786,8.3986562150056,367,68,119,180
1787,8.393956351426972,367,68,119,180
1788,8.389261744966444,367,68,119,180
1789,8.384572386808273,367,68,119,180
1790,8.379888268156424,367,68,119,180
1791,8.375209380234505,367,68,119,180
1792,8.370535714285714,357,58,119,180
1793,8.365867261572783,357,58,119,180
1794,8.361204013377927,357,58,119,180
1795,8.356545961002785,357,58,119,180
1796,8.351893095768375,342,98,104,140
1797,8.347245409015025,342,98,104,140
1798,8.342602892102336,342,98,104,140
1799,8.337965536409117,342,98,104,140
1800,8.333333333333334,342,98,104,140
1801,8.32870627429206,342,98,104,140
1802,8.32408435072142,342,98,104,140
1803,8.319467554076539,342,98,104,140
1804,8.314855875831485,343,99,104,140
1805,8.310249307479225,343,99,104,140
1806,8.305647840531561,342,98,104,140
1807,8.301051466519093,342,98,104,140
1808,8.29646017699115,342,98,104,140
1809,8.291873963515755,342,98,104,140
1810,8.287292817679559,342,98,104,140
1811,8.282716731087797,338,94,104,140
1812,8.278145695364238,338,94,104,140
1813,8.27357970215113,338,94,104,140
1814,8.26901874310915,338,94,104,140
1815,8.264462809917354,338,94,104,140
1816,8.259911894273127,338,94,104,140
1817,8.25536598789213,338,94,104,140
1818,8.250825082508252,338,94,104,140
1819,8.246289169873556,338,94,104,140
1820,8.241758241758241,338,94,104,140
1821,8.237232289950576,338,94,104,140
1822,8.23271130625686,342,98,104,140
1823,8.228195282501371,342,98,104,140
1824,8.223684210526315,342,98,104,140
1825,8.219178082191782,342,98,104,140
1826,8.214676889375685,342,98,104,140
1827,8.210180623973727,338,94,104,140
1828,8.205689277899344,372,73,119,180
1829,8.201202843083653,372,73,119,180
1830,8.19672131147541,372,73,119,180
1831,8.19224467504096,372,73,119,180
1832,8.187772925764191,373,74,119,180
1833,8.183306055646481,373,74,119,180
1834,8.178844056706652,373,74,119,180
1835,8.174386920980927,389,90,119,180
1836,8.169934640522875,389,90,119,180
1837,8.165487207403375,389,90,119,180
1838,8.161044613710555,389,90,119,180
1839,8.156606851549755,392,38,134,220
1840,8.152173913043478,392,38,134,220
1841,8.147745790331342,392,38,134,220
1842,8.143322475570033,392,38,134,220
1843,8.138903960933261,392,38,134,220
1844,8.134490238611713,392,38,134,220
1845,8.130081300813009,392,38,134,220
1846,8.125677139761647,392,38,134,220
1847,8.121277747698972,392,38,134,220
1848,8.116883116883116,392,38,134,220
1849,8.112493239588966,392,38,134,220
1850,8.108108108108109,392,38,134,220
1851,8.103727714748784,392,38,134,220
1852,8.099352051835853,393,39,134,220
1853,8.094981111710739,393,39,134,220
1854,8.090614886731391,392,38,134,220
1855,8.086253369272237,392,38,134,220
1856,8.081896551724139,386,38,128,220
1857,8.077544426494345,392,38,134,220
1858,8.073196986006458,383,33,120,230
1859,8.068854222700377,377,33,114,230
1860,8.064516129032258,377,33,114,230
1861,8.060182697474476,377,33,114,230
1862,8.055853920515574,377,33,114,230
1863,8.051529790660226,380,34,106,240
1864,8.047210300429185,380,34,106,240
1865,8.04289544235925,380,34,106,240
1866,8.038585209003216,380,34,106,240
1867,8.034279592929835,380,34,106,240
1868,8.029978586723768,380,34,106,240
1869,8.025682182985554,380,34,106,240
1870,8.02139037433155,383,33,120,230
1871,8.017103153393908,383,33,120,230
1872,8.012820512820513,377,33,114,230
1873,8.00854244527496,377,33,114,230
1874,8.0042689434365,377,33,114,230
1875,8,377,33,114,230
1876,7.995735607675906,377,33,114,230
1877,7.991475759190197,349,54,105,190
1878,7.987220447284345,349,54,105,190
1879,7.982969664715274,349,54,105,190
1880,7.9787234042553195,349,54,105,190
1881,7.974481658692185,349,54,105,190
1882,7.970244420828905,349,54,105,190
1883,7.966011683483803,349,54,105,190
1884,7.961783439490445,349,54,105,190
1885,7.957559681697613,349,54,105,190
1886,7.953340402969247,349,54,105,190
1887,7.94912559618442,349,54,105,190
1888,7.944915254237288,349,54,105,190
1889,7.940709370037057,349,54,105,190
1890,7.936507936507937,349,54,105,190
1891,7.932310946589106,349,54,105,190
1892,7.928118393234672,349,54,105,190
1893,7.9239302694136295,349,54,105,190
1894,7.9197465681098205,349,54,105,190
1895,7.915567282321899,350,55,105,190
1896,7.9113924050632916,350,55,105,190
1897,7.907221929362151,350,55,105,190
1898,7.903055848261328,350,55,105,190
1899,7.898894154818326,350,55,105,190
1900,7.894736842105263,350,55,105,190
1901,7.890583903208838,350,55,105,190
1902,7.886435331230284,350,55,105,190
1903,7.882291119285339,350,55,105,190
1904,7.878151260504202,350,55,105,190
1905,7.874015748031496,349,54,105,190
1906,7.869884575026233,349,54,105,190
1907,7.865757734661773,349,54,105,190
1908,7.861635220125786,349,54,105,190
1909,7.85751702462022,349,54,105,190
1910,7.853403141361256,349,54,105,190
1911,7.849293563579278,349,54,105,190
1912,7.845188284518828,349,54,105,190
1913,7.841087297438579,357,62,105,190
1914,7.836990595611285,357,62,105,190
1915,7.83289817232376,350,55,105,190
1916,7.828810020876826,350,55,105,190
1917,7.82472613458529,350,55,105,190
1918,7.820646506777893,350,55,105,190
1919,7.81657113079729,350,55,105,190
1920,7.8125,349,54,105,190
1921,7.808433107756377,349,54,105,190
1922,7.804370447450572,349,54,105,190
1923,7.800312012480499,349,54,105,190
1924,7.796257796257796,349,54,105,190
1925,7.792207792207792,349,54,105,190
1926,7.788161993769471,349,54,105,190
1927,7.784120394395433,349,54,105,190
1928,7.780082987551867,349,54,105,190
1929,7.776049766718507,349,54,105,190
1930,7.772020725388601,349,54,105,190
1931,7.767995857068876,349,54,105,190
1932,7.763975155279503,349,54,105,190
1933,7.759958613554061,349,54,105,190
1934,7.755946225439503,350,55,105,190
1935,7.751937984496124,350,55,105,190
1936,7.74793388429752,350,55,105,190
1937,7.743933918430563,350,55,105,190
1938,7.739938080495356,350,55,105,190
1939,7.735946364105209,350,55,105,190
1940,7.731958762886598,350,55,105,190
1941,7.727975270479135,350,55,105,190
1942,7.72399588053553,350,55,105,190
1943,7.7200205867215645,350,55,105,190
1944,7.716049382716049,350,55,105,190
1945,7.712082262210797,350,55,105,190
1946,7.708119218910586,350,55,105,190
1947,7.704160246533128,350,55,105,190
1948,7.700205338809035,350,55,105,190
1949,7.6962544894817855,360,65,105,190
1950,7.6923076923076925,360,65,105,190
1951,7.688364941055869,360,65,105,190
1952,7.684426229508197,360,65,105,190
1953,7.680491551459293,360,65,105,190
1954,7.6765609007164795,360,65,105,190
1955,7.672634271099744,360,65,105,190
1956,7.668711656441718,360,65,105,190
1957,7.664793050587634,360,65,105,190
1958,7.6608784473953015,360,65,105,190
1959,7.656967840735069,360,65,105,190
1960,7.653061224489796,360,65,105,190
1961,7.649158592554819,350,55,105,190
1962,7.6452599388379205,350,55,105,190
1963,7.641365257259297,350,55,105,190
1964,7.637474541751527,350,55,105,190
1965,7.633587786259542,350,55,105,190
1966,7.62970498474059,350,55,105,190
1967,7.625826131164209,350,55,105,190
1968,7.621951219512195,350,55,105,190
1969,7.618080243778568,350,55,105,190
1970,7.614213197969543,350,55,105,190
1971,7.610350076103501,350,55,105,190
1972,7.606490872210953,350,55,105,190
1973,7.602635580334516,350,55,105,190
1974,7.598784194528875,350,55,105,190
1975,7.594936708860759,350,55,105,190
1976,7.5910931174089065,350,55,105,190
1977,7.587253414264036,350,55,105,190
1978,7.583417593528817,350,55,105,190
1979,7.5795856493178375,350,55,105,190
1980,7.575757575757576,350,55,105,190
1981,7.571933366986371,350,55,105,190
1982,7.568113017154389,350,55,105,190
1983,7.564296520423601,350,55,105,190
1984,7.560483870967742,338,94,104,140
1985,7.5566750629722925,338,94,104,140
1986,7.552870090634441,338,94,104,140
1987,7.54906894816306,350,55,105,190
1988,7.545271629778672,350,55,105,190
1989,7.541478129713424,350,55,105,190
1990,7.5376884422110555,350,55,105,190
1991,7.533902561526871,350,55,105,190
1992,7.530120481927711,350,55,105,190
1993,7.526342197691922,350,55,105,190
1994,7.522567703109328,350,55,105,190
1995,7.518796992481203,350,55,105,190
1996,7.515030060120241,350,55,105,190
1997,7.511266900350526,350,55,105,190
1998,7.5075075075075075,350,55,105,190
1999,7.503751875937969,350,55,105,190
2000,7.5,350,55,105,190
2001,7.496251874062969,350,55,105,190
2002,7.492507492507492,350,55,105,190
2003,7.488766849725412,350,55,105,190
2004,7.485029940119761,338,94,104,140
2005,7.4812967581047385,342,98,104,140
2006,7.477567298105683,342,98,104,140
2007,7.473841554559043,342,98,104,140
2008,7.47011952191235,342,98,104,140
2009,7.466401194624191,342,98,104,140
2010,7.462686567164179,342,98,104,140
2011,7.458975634012929,342,98,104,140
2012,7.455268389662028,342,98,104,140
2013,7.451564828614009,342,98,104,140
2014,7.447864945382324,342,98,104,140
2015,7.444168734491315,342,98,104,140
2016,7.440476190476191,342,98,104,140
2017,7.4367873078829945,342,98,104,140
2018,7.433102081268583,342,98,104,140
2019,7.429420505200595,342,98,104,140
2020,7.425742574257426,342,98,104,140
2021,7.422068283028204,342,98,104,140
2022,7.4183976261127595,342,98,104,140
2023,7.414730598121602,342,98,104,140
2024,7.41106719367589,342,98,104,140
2025,7.407407407407407,342,98,104,140
2026,7.403751233958539,342,98,104,140
2027,7.40009866798224,342,98,104,140
2028,7.396449704142012,342,98,104,140
2029,7.392804337111878,342,98,104,140
2030,7.389162561576355,342,98,104,140
2031,7.385524372230428,342,98,104,140
2032,7.381889763779528,343,99,104,140
2033,7.378258730939498,343,99,104,140
2034,7.374631268436578,342,98,104,140
2035,7.371007371007371,342,98,104,140
2036,7.367387033398821,342,98,104,140
2037,7.363770250368188,342,98,104,140
2038,7.360157016683022,342,98,104,140
2039,7.356547327121138,342,98,104,140
2040,7.352941176470588,342,98,104,140
2041,7.3493385595296425,342,98,104,140
2042,7.345739471106758,342,98,104,140
2043,7.342143906020558,342,98,104,140
2044,7.3385518590998045,342,98,104,140
2045,7.334963325183374,342,98,104,140
2046,7.331378299120234,342,98,104,140
2047,7.327796775769419,342,98,104,140
2048,7.32421875,342,98,104,140
2049,7.320644216691069,342,98,104,140
2050,7.317073170731708,342,98,104,140
2051,7.313505607020965,342,98,104,140
2052,7.309941520467836,342,98,104,140
2053,7.306380905991232,342,98,104,140
2054,7.302823758519961,342,98,104,140
2055,7.299270072992701,342,98,104,140
2056,7.2957198443579765,342,98,104,140
2057,7.292173067574137,342,98,104,140
2058,7.288629737609329,342,98,104,140
2059,7.285089849441476,342,98,104,140
2060,7.281553398058253,342,98,104,140
2061,7.27802037845706,342,98,104,140
2062,7.274490785645005,342,98,104,140
2063,7.270964614638875,342,98,104,140
2064,7.267441860465116,342,98,104,140
2065,7.263922518159807,342,98,104,140
2066,7.260406582768635,342,98,104,140
2067,7.256894049346879,342,98,104,140
2068,7.2533849129593815,342,98,104,140
2069,7.249879168680522,342,98,104,140
2070,7.246376811594203,342,98,104,140
2071,7.242877836793819,342,98,104,140
2072,7.239382239382239,342,98,104,140
2073,7.23589001447178,342,98,104,140
2074,7.232401157184185,342,98,104,140
2075,7.228915662650603,342,98,104,140
2076,7.22543352601156,342,98,104,140
2077,7.221954742416948,342,98,104,140
2078,7.218479307025986,343,99,104,140
2079,7.215007215007215,343,99,104,140
2080,7.211538461538462,343,99,104,140
2081,7.2080730418068235,342,98,104,140
2082,7.204610951008646,342,98,104,140
2083,7.201152184349496,342,98,104,140
2084,7.197696737044146,342,98,104,140
2085,7.194244604316546,342,98,104,140
2086,7.1907957813998085,342,98,104,140
2087,7.187350263536176,342,98,104,140
2088,7.183908045977011,342,98,104,140
2089,7.180469123982767,357,62,105,190
2090,7.177033492822966,357,62,105,190
2091,7.173601147776184,357,62,105,190
2092,7.170172084130019,357,62,105,190
2093,7.16674629718108,357,62,105,190
2094,7.163323782234957,360,65,105,190
2095,7.159904534606206,360,65,105,190
2096,7.156488549618321,360,65,105,190
2097,7.15307582260372,350,55,105,190
2098,7.149666348903718,350,55,105,190
2099,7.146260123868509,350,55,105,190
2100,7.142857142857143,350,55,105,190
2101,7.139457401237506,350,55,105,190
2102,7.136060894386299,350,55,105,190
2103,7.132667617689016,350,55,105,190
2104,7.129277566539924,350,55,105,190
2105,7.1258907363420425,350,55,105,190
2106,7.122507122507122,350,55,105,190
2107,7.119126720455624,350,55,105,190
2108,7.115749525616699,350,55,105,190
2109,7.112375533428165,350,55,105,190
2110,7.109004739336493,350,55,105,190
2111,7.105637138796779,350,55,105,190
2112,7.1022727272727275,349,54,105,190
2113,7.09891150023663,349,54,105,190
2114,7.095553453169347,349,54,105,190
2115,7.092198581560283,349,54,105,190
2116,7.088846880907372,349,54,105,190
2117,7.085498346717053,350,55,105,190
2118,7.0821529745042495,350,55,105,190
2119,7.078810759792355,350,55,105,190
2120,7.0754716981132075,350,55,105,190
2121,7.072135785007072,350,55,105,190
2122,7.0688030160226205,350,55,105,190
2123,7.06547338671691,350,55,105,190
2124,7.062146892655368,350,55,105,190
2125,7.0588235294117645,350,55,105,190
2126,7.055503292568203,348,55,113,180
2127,7.052186177715091,348,55,113,180
2128,7.048872180451128,348,55,113,180
2129,7.045561296383278,348,55,113,180
2130,7.042253521126761,348,55,113,180
2131,7.0389488503050215,348,55,113,180
2132,7.0356472795497185,346,53,113,180
2133,7.032348804500703,346,53,113,180
2134,7.029053420805998,346,53,113,180
2135,7.02576112412178,346,53,113,180
2136,7.022471910112359,346,53,113,180
2137,7.019185774450164,346,53,113,180
2138,7.015902712815715,346,53,113,180
2139,7.012622720897616,346,53,113,180
2140,7.009345794392523,346,53,113,180
2141,7.006071929005138,346,53,113,180
2142,7.002801120448179,346,53,113,180
2143,6.99953336444237,348,55,113,180
2144,6.996268656716418,348,55,113,180
2145,6.993006993006993,348,55,113,180
2146,6.989748369058714,348,55,113,180
2147,6.986492780624126,348,55,113,180
2148,6.983240223463687,348,55,113,180
2149,6.9799906933457425,348,55,113,180
2150,6.976744186046512,348,55,113,180
2151,6.97350069735007,348,55,113,180
2152,6.970260223048327,348,55,113,180
2153,6.967022758941012,348,55,113,180
2154,6.963788300835654,348,55,113,180
2155,6.960556844547564,348,55,113,180
2156,6.957328385899815,348,55,113,180
2157,6.954102920723226,348,55,113,180
2158,6.950880444856349,358,65,113,180
2159,6.947660954145437,342,98,104,140
2160,6.944444444444445,342,98,104,140
2161,6.941230911614993,342,98,104,140
2162,6.938020351526364,342,98,104,140
2163,6.934812760055478,342,98,104,140
2164,6.931608133086876,342,98,104,140
2165,6.928406466512702,372,79,113,180
2166,6.925207756232687,372,79,113,180
2167,6.92201199815413,372,79,113,180
2168,6.918819188191882,372,79,113,180
2169,6.915629322268327,372,79,113,180
2170,6.912442396313364,372,79,113,180
2171,6.909258406264394,372,79,113,180
2172,6.906077348066298,372,79,113,180
2173,6.902899217671422,372,79,113,180
2174,6.899724011039559,372,79,113,180
2175,6.896551724137931,372,79,113,180
